수집시각,순위,영화명,개봉일,예매율,예매매출액,누적매출액,예매관객수,누적관객수
2026-08-28 19:19:34,16,인 더 그레이,2026-09-02,0.4%,"18,746,000","1,404,000","3,341",156
2026-08-28 20:21:08,16,인 더 그레이,2026-09-02,0.4%,"18,858,000","1,404,000","3,354",156
2026-08-28 21:21:07,16,인 더 그레이,2026-09-02,0.4%,"19,009,500","1,404,000","3,367",156
2026-08-28 22:21:08,16,인 더 그레이,2026-09-02,0.4%,"19,196,000","1,404,000","3,383",156
2026-08-28 23:21:08,16,인 더 그레이,2026-09-02,0.4%,"19,272,000","1,404,000","3,391",156
2026-08-29 00:21:08,16,인 더 그레이,2026-09-02,0.4%,"19,361,500","1,404,000","3,399",156
2026-08-29 01:21:07,16,인 더 그레이,2026-09-02,0.4%,"19,403,000","1,404,000","3,404",156
2026-08-29 02:21:08,16,인 더 그레이,2026-09-02,0.4%,"19,424,000","1,404,000","3,406",156
2026-08-29 03:21:08,16,인 더 그레이,2026-09-02,0.4%,"19,437,000","1,404,000","3,407",156
2026-08-29 04:21:08,16,인 더 그레이,2026-09-02,0.4%,"19,445,500","1,404,000","3,408",156
2026-08-29 05:21:08,16,인 더 그레이,2026-09-02,0.4%,"19,455,500","1,404,000","3,409",156
2026-08-29 06:21:08,16,인 더 그레이,2026-09-02,0.4%,"19,487,500","1,404,000","3,412",156
2026-08-29 07:21:07,16,인 더 그레이,2026-09-02,0.4%,"19,518,500","1,404,000","3,415",156
2026-08-29 08:21:08,15,인 더 그레이,2026-09-02,0.4%,"19,527,500","1,404,000","3,416",156
2026-08-29 09:21:08,15,인 더 그레이,2026-09-02,0.4%,"19,634,500","1,404,000","3,428",156
2026-08-29 10:21:08,15,인 더 그레이,2026-09-02,0.4%,"19,702,500","1,404,000","3,434",156
2026-08-29 11:21:08,15,인 더 그레이,2026-09-02,0.4%,"19,844,600","1,404,000","3,448",156
2026-08-29 12:21:08,14,인 더 그레이,2026-09-02,0.4%,"19,901,200","1,404,000","3,453",156
2026-08-29 13:21:08,13,인 더 그레이,2026-09-02,0.4%,"20,053,300","1,404,000","3,467",156
2026-08-29 14:21:08,13,인 더 그레이,2026-09-02,0.5%,"20,077,300","1,404,000","3,469",156
2026-08-29 15:21:08,13,인 더 그레이,2026-09-02,0.5%,"20,128,800","1,404,000","3,475",156
2026-08-29 16:21:08,13,인 더 그레이,2026-09-02,0.5%,"20,175,300","1,404,000","3,480",156
2026-08-29 17:21:08,13,인 더 그레이,2026-09-02,0.5%,"20,233,800","1,404,000","3,487",156
2026-08-29 18:21:08,13,인 더 그레이,2026-09-02,0.5%,"20,309,800","1,404,000","3,495",156
2026-08-29 19:21:08,13,인 더 그레이,2026-09-02,0.5%,"20,344,800","1,404,000","3,499",156
2026-08-29 20:21:08,13,인 더 그레이,2026-09-02,0.5%,"20,408,800","1,404,000","3,506",156
2026-08-29 21:21:08,13,인 더 그레이,2026-09-02,0.5%,"20,476,800","1,404,000","3,513",156
2026-08-29 22:21:08,13,인 더 그레이,2026-09-02,0.5%,"20,513,800","1,404,000","3,518",156
2026-08-29 23:21:08,13,인 더 그레이,2026-09-02,0.5%,"20,609,600","1,404,000","3,526",156
2026-08-30 00:21:08,13,인 더 그레이,2026-09-02,0.5%,"20,708,100","1,404,000","3,535",156
2026-08-30 01:21:07,13,인 더 그레이,2026-09-02,0.5%,"20,769,100","1,404,000","3,541",156
2026-08-30 02:21:08,13,인 더 그레이,2026-09-02,0.5%,"20,773,100","1,404,000","3,541",156
2026-08-30 03:21:08,13,인 더 그레이,2026-09-02,0.5%,"20,773,100","1,404,000","3,541",156
2026-08-30 04:21:08,13,인 더 그레이,2026-09-02,0.5%,"20,773,100","1,404,000","3,541",156
2026-08-30 05:21:08,13,인 더 그레이,2026-09-02,0.5%,"20,826,100","1,404,000","3,545",156
2026-08-30 06:21:08,13,인 더 그레이,2026-09-02,0.5%,"20,825,600","1,404,000","3,545",156
2026-08-30 07:21:08,13,인 더 그레이,2026-09-02,0.5%,"20,922,200","1,404,000","3,553",156
2026-08-30 08:21:08,13,인 더 그레이,2026-09-02,0.5%,"20,941,200","1,404,000","3,555",156
2026-08-30 09:21:08,13,인 더 그레이,2026-09-02,0.6%,"21,007,200","1,404,000","3,562",156
2026-08-30 10:21:08,12,인 더 그레이,2026-09-02,0.6%,"21,071,200","1,404,000","3,567",156
2026-08-30 11:21:08,11,인 더 그레이,2026-09-02,0.6%,"21,160,200","1,404,000","3,577",156
2026-08-30 12:21:08,12,인 더 그레이,2026-09-02,0.6%,"21,230,200","1,404,000","3,584",156
2026-08-30 13:21:08,11,인 더 그레이,2026-09-02,0.7%,"21,333,000","1,404,000","3,595",156
2026-08-30 14:21:08,11,인 더 그레이,2026-09-02,0.7%,"21,433,700","1,404,000","3,604",156
2026-08-30 15:21:08,11,인 더 그레이,2026-09-02,0.7%,"21,518,200","1,404,000","3,612",156
2026-08-30 16:21:08,10,인 더 그레이,2026-09-02,0.8%,"21,635,200","1,404,000","3,624",156
2026-08-30 17:21:08,10,인 더 그레이,2026-09-02,0.8%,"21,809,700","1,404,000","3,639",156
2026-08-30 18:21:08,10,인 더 그레이,2026-09-02,0.8%,"21,910,700","1,404,000","3,651",156
2026-08-30 19:21:11,10,인 더 그레이,2026-09-02,0.9%,"21,976,700","1,404,000","3,656",156
2026-08-30 20:21:08,10,인 더 그레이,2026-09-02,0.9%,"22,070,300","1,404,000","3,664",156
2026-08-30 21:21:08,10,인 더 그레이,2026-09-02,0.9%,"22,132,800","1,404,000","3,669",156
2026-08-30 22:21:08,10,인 더 그레이,2026-09-02,0.8%,"22,257,800","1,404,000","3,681",156
2026-08-30 23:21:08,10,인 더 그레이,2026-09-02,0.8%,"22,314,800","1,404,000","3,687",156
2026-08-31 00:21:08,10,인 더 그레이,2026-09-02,0.8%,"22,367,800","1,404,000","3,691",156
2026-08-31 01:21:08,10,인 더 그레이,2026-09-02,0.8%,"22,448,900","1,404,000","3,698",156
2026-08-31 02:21:08,10,인 더 그레이,2026-09-02,0.8%,"22,468,900","1,404,000","3,699",156
2026-08-31 03:21:08,10,인 더 그레이,2026-09-02,0.8%,"22,510,900","1,404,000","3,703",156
2026-08-31 04:21:08,10,인 더 그레이,2026-09-02,0.8%,"22,514,400","1,404,000","3,703",156
2026-08-31 05:21:08,10,인 더 그레이,2026-09-02,0.8%,"22,541,400","1,404,000","3,706",156
2026-08-31 06:21:08,10,인 더 그레이,2026-09-02,0.8%,"22,520,400","1,404,000","3,704",156
2026-08-31 07:21:08,10,인 더 그레이,2026-09-02,0.8%,"22,586,400","1,404,000","3,712",156
2026-08-31 08:21:08,10,인 더 그레이,2026-09-02,0.8%,"22,672,400","1,404,000","3,720",156
2026-08-31 09:21:09,10,인 더 그레이,2026-09-02,0.9%,"22,802,400","1,404,000","3,732",156
2026-08-31 10:21:08,10,인 더 그레이,2026-09-02,0.9%,"22,924,400","1,404,000","3,745",156
2026-08-31 11:21:08,10,인 더 그레이,2026-09-02,0.9%,"22,918,900","1,404,000","3,744",156
2026-08-31 12:21:08,9,인 더 그레이,2026-09-02,0.9%,"23,008,900","1,404,000","3,754",156
2026-08-31 13:27:21,9,인 더 그레이,2026-09-02,0.9%,"23,390,900","1,404,000","3,794",156
2026-08-31 14:27:17,10,인 더 그레이,2026-09-02,0.9%,"23,549,500","1,404,000","3,808",156
2026-08-31 15:27:19,10,인 더 그레이,2026-09-02,0.9%,"23,747,000","1,404,000","3,828",156
2026-08-31 16:27:19,11,인 더 그레이,2026-09-02,0.9%,"23,806,000","1,404,000","3,834",156
2026-08-31 17:27:20,11,인 더 그레이,2026-09-02,0.9%,"24,136,900","1,404,000","3,864",156
2026-08-31 18:27:19,11,인 더 그레이,2026-09-02,0.9%,"24,419,700","1,404,000","3,891",156
2026-08-31 19:27:19,11,인 더 그레이,2026-09-02,0.9%,"24,705,300","1,404,000","3,920",156
2026-08-31 20:27:22,11,인 더 그레이,2026-09-02,0.9%,"24,936,400","1,404,000","3,942",156
2026-08-31 21:27:18,11,인 더 그레이,2026-09-02,0.9%,"25,177,400","1,404,000","3,964",156
2026-08-31 22:27:22,11,인 더 그레이,2026-09-02,0.9%,"25,395,500","1,404,000","3,986",156
2026-08-31 23:27:18,11,인 더 그레이,2026-09-02,0.9%,"25,666,500","1,404,000","4,012",156
2026-09-01 00:28:00,11,인 더 그레이,2026-09-02,0.8%,"25,868,500","1,404,000","4,033",156
2026-09-01 01:27:21,11,인 더 그레이,2026-09-02,0.8%,"25,990,500","1,404,000","4,046",156
2026-09-01 02:27:21,11,인 더 그레이,2026-09-02,0.8%,"26,081,000","1,404,000","4,055",156
2026-09-01 03:27:19,11,인 더 그레이,2026-09-02,0.8%,"26,166,500","1,404,000","4,063",156
2026-09-01 04:27:20,11,인 더 그레이,2026-09-02,0.8%,"26,162,300","1,404,000","4,063",156
2026-09-01 05:27:19,11,인 더 그레이,2026-09-02,0.8%,"26,144,300","1,404,000","4,061",156
2026-09-01 06:27:18,11,인 더 그레이,2026-09-02,0.8%,"26,164,300","1,404,000","4,062",156
2026-09-01 07:27:18,11,인 더 그레이,2026-09-02,0.8%,"26,382,300","1,404,000","4,082",156
2026-09-01 08:27:18,11,인 더 그레이,2026-09-02,0.9%,"26,487,800","1,404,000","4,096",156
2026-09-01 09:27:17,11,인 더 그레이,2026-09-02,0.9%,"26,742,300","1,404,000","4,124",156
2026-09-01 10:27:19,11,인 더 그레이,2026-09-02,0.9%,"26,982,300","1,404,000","4,147",156
2026-09-01 11:27:19,11,인 더 그레이,2026-09-02,0.9%,"27,154,400","1,404,000","4,165",156
2026-09-01 12:27:37,11,인 더 그레이,2026-09-02,0.8%,"27,439,500","1,404,000","4,193",156
2026-09-01 13:21:07,11,인 더 그레이,2026-09-02,0.8%,"27,727,000","1,404,000","4,220",156
2026-09-01 14:21:07,11,인 더 그레이,2026-09-02,0.8%,"27,873,500","1,404,000","4,237",156
2026-09-01 15:21:07,11,인 더 그레이,2026-09-02,0.8%,"28,279,800","1,404,000","4,275",156
2026-09-01 16:21:07,11,인 더 그레이,2026-09-02,0.8%,"28,619,800","1,404,000","4,308",156
2026-09-01 17:21:07,11,인 더 그레이,2026-09-02,0.8%,"28,745,300","1,404,000","4,322",156
2026-09-01 18:21:07,11,인 더 그레이,2026-09-02,0.8%,"29,987,800","1,404,000","4,446",156
2026-09-01 19:21:07,11,인 더 그레이,2026-09-02,0.8%,"30,196,400","1,404,000","4,469",156
2026-09-01 20:21:07,11,인 더 그레이,2026-09-02,0.8%,"30,557,900","1,404,000","4,508",156
2026-09-02 10:21:09,12,인 더 그레이,2026-09-02,0.7%,"28,817,500","1,404,000","4,253",156
2026-09-02 11:21:07,12,인 더 그레이,2026-09-02,0.7%,"27,874,000","1,404,000","4,100",156
2026-09-02 11:31:45,12,인 더 그레이,2026-09-02,0.7%,"27,502,500","1,404,000","4,037",156
2026-09-02 12:21:07,12,인 더 그레이,2026-09-02,0.7%,"26,928,500","1,404,000","3,938",156
2026-09-02 12:31:44,12,인 더 그레이,2026-09-02,0.7%,"26,737,900","1,404,000","3,909",156
2026-09-02 13:21:07,12,인 더 그레이,2026-09-02,0.6%,"24,599,600","1,404,000","3,583",156
2026-09-02 13:32:53,12,인 더 그레이,2026-09-02,0.6%,"24,325,100","1,404,000","3,553",156
2026-09-02 17:48:34,13,인 더 그레이,2026-09-02,0.5%,"19,806,200","1,404,000","2,945",156
2026-09-02 18:21:07,13,인 더 그레이,2026-09-02,0.5%,"18,976,400","1,404,000","2,832",156
2026-09-02 18:31:49,13,인 더 그레이,2026-09-02,0.5%,"18,943,800","1,404,000","2,822",156
2026-09-02 19:21:07,13,인 더 그레이,2026-09-02,0.5%,"18,639,700","1,404,000","2,791",156
2026-09-02 20:11:35,13,인 더 그레이,2026-09-02,0.5%,"17,959,700","1,404,000","2,707",156
2026-09-03 09:27:05,13,인 더 그레이,2026-09-02,0.5%,"18,471,500","25,474,360","2,719","3,115"
2026-09-03 09:31:53,13,인 더 그레이,2026-09-02,0.5%,"18,466,500","25,474,360","2,718","3,115"
2026-09-03 10:21:07,14,인 더 그레이,2026-09-02,0.4%,"18,169,400","25,474,360","2,670","3,115"
2026-09-03 10:31:41,14,인 더 그레이,2026-09-02,0.4%,"18,167,400","25,474,360","2,667","3,115"
2026-09-03 11:21:07,14,인 더 그레이,2026-09-02,0.4%,"17,927,800","25,474,360","2,626","3,115"
2026-09-03 11:49:37,14,인 더 그레이,2026-09-02,0.4%,"17,917,300","25,474,360","2,614","3,115"
2026-09-03 12:21:07,14,인 더 그레이,2026-09-02,0.4%,"17,952,800","25,474,360","2,606","3,115"
2026-09-03 12:31:51,14,인 더 그레이,2026-09-02,0.4%,"17,889,800","25,474,360","2,598","3,115"
2026-09-03 13:21:07,14,인 더 그레이,2026-09-02,0.4%,"17,891,300","25,474,360","2,594","3,115"
2026-09-03 13:31:48,14,인 더 그레이,2026-09-02,0.4%,"17,805,200","25,474,360","2,582","3,115"
2026-09-03 14:21:07,15,인 더 그레이,2026-09-02,0.4%,"17,467,200","25,474,360","2,536","3,115"
2026-09-03 14:31:45,15,인 더 그레이,2026-09-02,0.4%,"17,446,700","25,474,360","2,532","3,115"
2026-09-03 15:21:07,16,인 더 그레이,2026-09-02,0.4%,"17,384,500","25,474,360","2,514","3,115"
2026-09-03 15:31:46,16,인 더 그레이,2026-09-02,0.4%,"17,364,500","25,474,360","2,505","3,115"
2026-09-03 16:21:07,16,인 더 그레이,2026-09-02,0.4%,"17,170,900","25,474,360","2,474","3,115"
2026-09-03 16:31:46,16,인 더 그레이,2026-09-02,0.4%,"17,167,400","25,474,360","2,472","3,115"
2026-09-03 17:21:09,16,인 더 그레이,2026-09-02,0.4%,"16,435,400","25,474,360","2,364","3,115"
2026-09-03 17:31:47,16,인 더 그레이,2026-09-02,0.4%,"16,165,900","25,474,360","2,333","3,115"
2026-09-03 18:21:07,16,인 더 그레이,2026-09-02,0.4%,"15,882,400","25,474,360","2,305","3,115"
2026-09-03 18:31:42,16,인 더 그레이,2026-09-02,0.4%,"15,951,800","25,474,360","2,312","3,115"
2026-09-03 19:21:07,16,인 더 그레이,2026-09-02,0.4%,"15,719,400","25,474,360","2,268","3,115"
2026-09-03 19:31:47,16,인 더 그레이,2026-09-02,0.3%,"15,532,400","25,474,360","2,249","3,115"
2026-09-03 20:21:07,16,인 더 그레이,2026-09-02,0.3%,"15,519,920","25,474,360","2,247","3,115"
2026-09-03 20:31:56,16,인 더 그레이,2026-09-02,0.3%,"15,511,920","25,474,360","2,246","3,115"
2026-09-03 21:21:07,17,인 더 그레이,2026-09-02,0.3%,"15,741,620","25,474,360","2,265","3,115"
2026-09-03 21:32:17,17,인 더 그레이,2026-09-02,0.3%,"15,785,120","25,474,360","2,270","3,115"
2026-09-03 22:21:07,18,인 더 그레이,2026-09-02,0.3%,"16,001,220","25,474,360","2,290","3,115"
2026-09-03 22:32:05,18,인 더 그레이,2026-09-02,0.3%,"15,984,720","25,474,360","2,288","3,115"
2026-09-03 23:21:07,18,인 더 그레이,2026-09-02,0.3%,"16,165,320","25,474,360","2,301","3,115"
2026-09-03 23:31:43,18,인 더 그레이,2026-09-02,0.3%,"16,225,320","25,474,360","2,307","3,115"
2026-09-04 00:21:07,18,인 더 그레이,2026-09-02,0.3%,"16,422,320","37,045,660","2,326","4,453"
2026-09-04 00:31:51,18,인 더 그레이,2026-09-02,0.3%,"16,444,820","37,045,660","2,328","4,453"
2026-09-04 01:21:07,18,인 더 그레이,2026-09-02,0.3%,"16,455,120","37,045,660","2,330","4,453"
2026-09-04 01:31:50,18,인 더 그레이,2026-09-02,0.3%,"16,467,120","37,045,660","2,332","4,453"
2026-09-04 02:21:07,19,인 더 그레이,2026-09-02,0.3%,"16,501,920","37,045,660","2,335","4,453"
2026-09-04 02:31:48,19,인 더 그레이,2026-09-02,0.3%,"16,539,920","37,045,660","2,338","4,453"
2026-09-04 03:21:07,19,인 더 그레이,2026-09-02,0.3%,"16,550,420","37,045,660","2,338","4,453"
2026-09-04 03:31:47,19,인 더 그레이,2026-09-02,0.3%,"16,550,420","37,045,660","2,338","4,453"
2026-09-04 04:21:07,19,인 더 그레이,2026-09-02,0.3%,"16,573,920","37,045,660","2,340","4,453"
2026-09-04 04:31:48,19,인 더 그레이,2026-09-02,0.3%,"16,583,920","37,045,660","2,341","4,453"
2026-09-04 05:21:07,19,인 더 그레이,2026-09-02,0.3%,"16,599,920","37,045,660","2,342","4,453"
2026-09-04 05:31:49,19,인 더 그레이,2026-09-02,0.3%,"16,589,920","37,045,660","2,342","4,453"
2026-09-04 06:21:07,19,인 더 그레이,2026-09-02,0.3%,"16,617,920","37,045,660","2,344","4,453"
2026-09-04 06:31:48,19,인 더 그레이,2026-09-02,0.3%,"16,590,920","37,045,660","2,342","4,453"
2026-09-04 07:21:07,19,인 더 그레이,2026-09-02,0.3%,"16,451,420","37,045,660","2,327","4,453"
2026-09-04 07:31:49,19,인 더 그레이,2026-09-02,0.3%,"16,521,920","37,045,660","2,334","4,453"
2026-09-04 08:21:07,19,인 더 그레이,2026-09-02,0.3%,"16,422,920","37,045,660","2,324","4,453"
2026-09-04 08:31:49,19,인 더 그레이,2026-09-02,0.3%,"16,483,420","37,045,660","2,330","4,453"
2026-09-04 09:21:07,19,인 더 그레이,2026-09-02,0.3%,"16,482,920","37,045,660","2,325","4,453"
2026-09-04 09:31:53,19,인 더 그레이,2026-09-02,0.3%,"16,425,980","37,045,660","2,319","4,453"
2026-09-04 10:21:07,19,인 더 그레이,2026-09-02,0.3%,"16,317,180","37,045,660","2,285","4,453"
2026-09-04 10:32:04,19,인 더 그레이,2026-09-02,0.3%,"16,304,980","37,045,660","2,283","4,453"
2026-09-04 11:21:07,19,인 더 그레이,2026-09-02,0.3%,"16,259,380","37,045,660","2,267","4,453"
2026-09-04 11:31:43,19,인 더 그레이,2026-09-02,0.3%,"16,130,780","37,045,660","2,254","4,453"
2026-09-04 12:21:07,19,인 더 그레이,2026-09-02,0.3%,"15,620,780","37,045,660","2,171","4,453"
2026-09-04 12:31:42,19,인 더 그레이,2026-09-02,0.3%,"15,721,280","37,045,660","2,181","4,453"
2026-09-04 13:21:07,20,인 더 그레이,2026-09-02,0.3%,"15,873,580","37,045,660","2,198","4,453"
2026-09-04 13:31:52,20,인 더 그레이,2026-09-02,0.3%,"15,693,980","37,045,660","2,179","4,453"
2026-09-04 14:21:07,20,인 더 그레이,2026-09-02,0.3%,"15,586,380","37,045,660","2,160","4,453"
2026-09-04 14:31:51,20,인 더 그레이,2026-09-02,0.3%,"15,582,680","37,045,660","2,156","4,453"
2026-09-04 15:21:07,21,인 더 그레이,2026-09-02,0.3%,"15,754,980","37,045,660","2,164","4,453"
2026-09-04 15:31:51,23,인 더 그레이,2026-09-02,0.3%,"15,647,680","37,045,660","2,141","4,453"
2026-09-04 16:21:07,23,인 더 그레이,2026-09-02,0.3%,"15,795,380","37,045,660","2,153","4,453"
2026-09-04 16:32:15,23,인 더 그레이,2026-09-02,0.3%,"15,847,580","37,045,660","2,156","4,453"
2026-09-04 17:21:07,24,인 더 그레이,2026-09-02,0.3%,"15,088,420","37,045,660","2,070","4,453"
2026-09-04 17:32:01,24,인 더 그레이,2026-09-02,0.3%,"15,099,620","37,045,660","2,071","4,453"
2026-09-04 18:21:07,24,인 더 그레이,2026-09-02,0.3%,"14,711,320","37,045,660","2,027","4,453"
2026-09-04 18:31:50,24,인 더 그레이,2026-09-02,0.3%,"14,675,320","37,045,660","2,026","4,453"
2026-09-04 19:21:08,26,인 더 그레이,2026-09-02,0.3%,"14,645,460","37,045,660","2,018","4,453"
2026-09-04 19:31:52,26,인 더 그레이,2026-09-02,0.3%,"14,598,860","37,045,660","2,012","4,453"
2026-09-04 20:21:07,26,인 더 그레이,2026-09-02,0.3%,"14,216,960","37,045,660","1,966","4,453"
2026-09-04 20:31:57,26,인 더 그레이,2026-09-02,0.3%,"14,279,960","37,045,660","1,972","4,453"
2026-09-04 21:21:07,26,인 더 그레이,2026-09-02,0.3%,"14,429,260","37,045,660","1,988","4,453"
2026-09-04 21:31:58,26,인 더 그레이,2026-09-02,0.3%,"14,522,860","37,045,660","1,998","4,453"
2026-09-04 22:21:07,26,인 더 그레이,2026-09-02,0.3%,"14,615,760","37,045,660","2,003","4,453"
2026-09-04 22:32:01,26,인 더 그레이,2026-09-02,0.3%,"14,719,260","37,045,660","2,012","4,453"
2026-09-04 23:21:07,26,인 더 그레이,2026-09-02,0.3%,"14,838,260","37,045,660","2,020","4,453"
2026-09-04 23:31:59,26,인 더 그레이,2026-09-02,0.3%,"14,858,260","37,045,660","2,021","4,453"
2026-09-05 00:21:07,26,인 더 그레이,2026-09-02,0.3%,"15,055,160","48,528,500","2,042","5,696"
2026-09-05 00:31:55,26,인 더 그레이,2026-09-02,0.3%,"15,085,160","48,528,500","2,045","5,696"
2026-09-05 01:21:07,26,인 더 그레이,2026-09-02,0.3%,"15,149,860","48,528,500","2,051","5,696"
2026-09-05 01:31:52,26,인 더 그레이,2026-09-02,0.3%,"15,179,960","48,528,500","2,054","5,696"
2026-09-05 02:21:07,26,인 더 그레이,2026-09-02,0.3%,"15,223,260","48,528,500","2,058","5,696"
2026-09-05 02:31:53,26,인 더 그레이,2026-09-02,0.3%,"15,223,260","48,528,500","2,058","5,696"
2026-09-05 03:21:07,26,인 더 그레이,2026-09-02,0.3%,"15,241,760","48,528,500","2,060","5,696"
2026-09-05 03:31:53,26,인 더 그레이,2026-09-02,0.3%,"15,241,760","48,528,500","2,060","5,696"
2026-09-05 04:21:07,26,인 더 그레이,2026-09-02,0.3%,"15,265,260","48,528,500","2,062","5,696"
2026-09-05 04:31:52,26,인 더 그레이,2026-09-02,0.3%,"15,268,260","48,528,500","2,062","5,696"
2026-09-05 05:21:07,26,인 더 그레이,2026-09-02,0.3%,"15,276,760","48,528,500","2,062","5,696"
2026-09-05 05:31:51,26,인 더 그레이,2026-09-02,0.3%,"15,276,760","48,528,500","2,062","5,696"
2026-09-05 06:21:07,26,인 더 그레이,2026-09-02,0.3%,"15,176,260","48,528,500","2,053","5,696"
2026-09-05 06:31:50,26,인 더 그레이,2026-09-02,0.3%,"15,128,260","48,528,500","2,047","5,696"
2026-09-05 07:21:07,26,인 더 그레이,2026-09-02,0.3%,"14,866,060","48,528,500","2,020","5,696"
2026-09-05 07:31:50,26,인 더 그레이,2026-09-02,0.3%,"14,833,060","48,520,000","2,016","5,695"
2026-09-05 08:21:07,26,인 더 그레이,2026-09-02,0.3%,"14,185,660","48,520,000","1,928","5,695"
2026-09-05 08:31:53,26,인 더 그레이,2026-09-02,0.3%,"14,189,660","48,520,000","1,928","5,695"
2026-09-05 09:21:07,26,인 더 그레이,2026-09-02,0.3%,"13,814,700","48,520,000","1,869","5,695"
2026-09-05 09:31:52,26,인 더 그레이,2026-09-02,0.3%,"13,880,700","48,520,000","1,874","5,695"
2026-09-05 10:21:07,26,인 더 그레이,2026-09-02,0.2%,"13,262,000","48,520,000","1,805","5,695"
2026-09-05 10:31:55,26,인 더 그레이,2026-09-02,0.2%,"13,232,500","48,520,000","1,802","5,695"
2026-09-05 11:21:07,26,인 더 그레이,2026-09-02,0.2%,"13,051,200","48,520,000","1,769","5,695"
2026-09-05 11:31:55,26,인 더 그레이,2026-09-02,0.2%,"12,879,200","48,520,000","1,750","5,695"
2026-09-05 12:21:07,26,인 더 그레이,2026-09-02,0.2%,"12,784,000","48,520,000","1,732","5,695"
2026-09-05 12:31:53,27,인 더 그레이,2026-09-02,0.2%,"12,290,700","48,520,000","1,666","5,695"
2026-09-05 13:21:07,27,인 더 그레이,2026-09-02,0.2%,"12,325,100","48,520,000","1,666","5,695"
2026-09-05 13:31:52,27,인 더 그레이,2026-09-02,0.2%,"12,248,600","48,520,000","1,660","5,695"
2026-09-05 14:21:07,27,인 더 그레이,2026-09-02,0.2%,"11,072,600","48,520,000","1,522","5,695"
2026-09-05 14:31:54,27,인 더 그레이,2026-09-02,0.2%,"11,102,500","48,520,000","1,525","5,695"
2026-09-05 15:21:07,28,인 더 그레이,2026-09-02,0.2%,"10,221,000","48,520,000","1,429","5,695"
2026-09-05 15:31:54,28,인 더 그레이,2026-09-02,0.2%,"9,931,000","48,520,000","1,379","5,695"
2026-09-05 16:21:07,28,인 더 그레이,2026-09-02,0.2%,"9,560,500","48,520,000","1,305","5,695"
2026-09-05 16:31:53,28,인 더 그레이,2026-09-02,0.2%,"9,568,500","48,520,000","1,306","5,695"
2026-09-05 17:21:07,27,인 더 그레이,2026-09-02,0.2%,"9,642,100","48,520,000","1,312","5,695"
2026-09-05 17:32:01,27,인 더 그레이,2026-09-02,0.2%,"9,707,400","48,520,000","1,318","5,695"
2026-09-05 18:21:07,27,인 더 그레이,2026-09-02,0.2%,"9,252,800","48,520,000","1,269","5,695"
2026-09-05 18:31:51,27,인 더 그레이,2026-09-02,0.2%,"9,143,300","48,520,000","1,257","5,695"
2026-09-05 19:21:07,27,인 더 그레이,2026-09-02,0.2%,"8,989,000","48,520,000","1,245","5,695"
2026-09-05 19:31:53,27,인 더 그레이,2026-09-02,0.2%,"8,998,500","48,520,000","1,245","5,695"
2026-09-05 20:21:07,27,인 더 그레이,2026-09-02,0.2%,"8,888,100","48,520,000","1,230","5,695"
2026-09-05 20:31:56,27,인 더 그레이,2026-09-02,0.2%,"8,929,100","48,520,000","1,231","5,695"
2026-09-05 21:21:07,28,인 더 그레이,2026-09-02,0.2%,"8,813,900","48,520,000","1,211","5,695"
2026-09-05 21:31:55,28,인 더 그레이,2026-09-02,0.2%,"8,853,900","48,520,000","1,213","5,695"
2026-09-05 22:21:07,28,인 더 그레이,2026-09-02,0.2%,"8,918,400","48,520,000","1,221","5,695"
2026-09-05 22:31:55,28,인 더 그레이,2026-09-02,0.2%,"8,911,400","48,520,000","1,221","5,695"
2026-09-05 23:21:07,28,인 더 그레이,2026-09-02,0.2%,"8,922,900","48,520,000","1,224","5,695"
2026-09-05 23:31:58,28,인 더 그레이,2026-09-02,0.2%,"8,934,900","48,520,000","1,225","5,695"
2026-09-06 00:21:07,28,인 더 그레이,2026-09-02,0.2%,"9,048,400","62,388,600","1,236","7,235"
2026-09-06 00:32:03,28,인 더 그레이,2026-09-02,0.2%,"9,089,400","62,398,600","1,240","7,236"
2026-09-06 01:21:07,28,인 더 그레이,2026-09-02,0.2%,"9,177,100","62,408,600","1,247","7,237"
2026-09-06 01:32:03,28,인 더 그레이,2026-09-02,0.2%,"9,182,100","62,408,600","1,247","7,237"
2026-09-06 02:21:07,28,인 더 그레이,2026-09-02,0.2%,"9,293,600","62,408,600","1,257","7,237"
2026-09-06 02:31:54,28,인 더 그레이,2026-09-02,0.2%,"9,293,600","62,408,600","1,257","7,237"
2026-09-06 03:21:07,28,인 더 그레이,2026-09-02,0.2%,"9,322,600","62,408,600","1,259","7,237"
2026-09-06 03:31:59,28,인 더 그레이,2026-09-02,0.2%,"9,324,600","62,408,600","1,259","7,237"
2026-09-06 04:21:07,28,인 더 그레이,2026-09-02,0.2%,"9,314,600","62,408,600","1,258","7,237"
2026-09-06 04:31:56,28,인 더 그레이,2026-09-02,0.2%,"9,314,600","62,408,600","1,258","7,237"
2026-09-06 05:21:07,28,인 더 그레이,2026-09-02,0.2%,"9,337,600","62,408,600","1,260","7,237"
2026-09-06 05:31:56,28,인 더 그레이,2026-09-02,0.2%,"9,337,600","62,408,600","1,260","7,237"
2026-09-06 06:21:07,28,인 더 그레이,2026-09-02,0.2%,"9,304,600","62,408,600","1,256","7,237"
2026-09-06 06:31:53,28,인 더 그레이,2026-09-02,0.2%,"9,245,600","62,408,600","1,250","7,237"
2026-09-06 07:21:07,28,인 더 그레이,2026-09-02,0.2%,"8,884,500","62,408,600","1,214","7,237"
2026-09-06 07:31:56,28,인 더 그레이,2026-09-02,0.2%,"8,861,500","62,408,600","1,212","7,237"
2026-09-06 08:21:07,28,인 더 그레이,2026-09-02,0.2%,"8,556,900","62,417,100","1,173","7,238"
2026-09-06 08:31:55,28,인 더 그레이,2026-09-02,0.2%,"8,453,700","62,417,100","1,161","7,238"
2026-09-06 09:21:07,28,인 더 그레이,2026-09-02,0.2%,"8,175,200","62,417,100","1,121","7,238"
2026-09-06 09:31:56,28,인 더 그레이,2026-09-02,0.2%,"8,221,700","62,417,100","1,126","7,238"
2026-09-06 10:21:07,28,인 더 그레이,2026-09-02,0.2%,"8,025,200","62,417,100","1,092","7,238"
2026-09-06 10:31:55,28,인 더 그레이,2026-09-02,0.2%,"7,918,200","62,417,100","1,074","7,238"
2026-09-06 11:21:07,28,인 더 그레이,2026-09-02,0.2%,"7,837,500","62,417,100","1,067","7,238"
2026-09-06 12:21:07,27,인 더 그레이,2026-09-02,0.2%,"7,658,500","62,417,100","1,044","7,238"
2026-09-06 13:21:07,25,인 더 그레이,2026-09-02,0.2%,"7,627,200","62,417,100","1,028","7,238"
2026-09-06 14:21:07,25,인 더 그레이,2026-09-02,0.2%,"7,376,100","62,417,100",983,"7,238"
2026-09-06 15:21:07,25,인 더 그레이,2026-09-02,0.2%,"6,647,600","62,417,100",890,"7,238"
2026-09-06 16:21:07,25,인 더 그레이,2026-09-02,0.2%,"6,270,100","62,417,100",840,"7,238"
2026-09-06 17:21:07,25,인 더 그레이,2026-09-02,0.2%,"6,158,600","62,417,100",825,"7,238"
2026-09-06 18:21:07,25,인 더 그레이,2026-09-02,0.2%,"5,944,800","62,417,100",797,"7,238"
2026-09-06 20:21:07,26,인 더 그레이,2026-09-02,0.2%,"5,736,700","62,417,100",769,"7,238"
2026-09-06 20:31:38,26,인 더 그레이,2026-09-02,0.2%,"5,721,200","62,417,100",768,"7,238"
2026-09-06 21:21:08,26,인 더 그레이,2026-09-02,0.2%,"5,747,700","62,417,100",770,"7,238"
2026-09-06 21:31:36,26,인 더 그레이,2026-09-02,0.2%,"5,773,200","62,417,100",772,"7,238"
2026-09-07 09:21:06,26,인 더 그레이,2026-09-02,0.2%,"6,146,000","72,878,500",801,"8,380"
2026-09-07 10:21:07,27,인 더 그레이,2026-09-02,0.2%,"5,885,800","72,878,500",766,"8,380"
2026-09-07 10:31:47,27,인 더 그레이,2026-09-02,0.2%,"5,847,800","72,878,500",762,"8,380"
2026-09-07 11:21:07,29,인 더 그레이,2026-09-02,0.2%,"5,696,300","72,878,500",736,"8,380"
2026-09-07 11:31:41,29,인 더 그레이,2026-09-02,0.2%,"5,662,300","72,878,500",729,"8,380"
2026-09-07 12:21:06,30,인 더 그레이,2026-09-02,0.2%,"5,490,900","72,878,500",706,"8,380"
2026-09-07 13:21:06,30,인 더 그레이,2026-09-02,0.2%,"5,533,500","72,878,500",709,"8,380"
2026-09-07 13:31:49,30,인 더 그레이,2026-09-02,0.2%,"5,612,500","72,878,500",717,"8,380"
2026-09-07 14:21:06,30,인 더 그레이,2026-09-02,0.2%,"5,440,000","72,878,500",701,"8,380"
2026-09-07 14:31:41,31,인 더 그레이,2026-09-02,0.2%,"5,425,000","72,878,500",699,"8,380"
2026-09-07 15:21:08,31,인 더 그레이,2026-09-02,0.1%,"5,218,500","72,878,500",659,"8,380"
2026-09-07 15:31:41,31,인 더 그레이,2026-09-02,0.1%,"5,298,500","72,878,500",666,"8,380"
2026-09-07 16:21:07,33,인 더 그레이,2026-09-02,0.1%,"5,216,000","72,878,500",652,"8,380"
2026-09-07 16:31:41,33,인 더 그레이,2026-09-02,0.1%,"5,157,000","72,878,500",644,"8,380"
2026-09-07 17:21:06,22,인 더 그레이,2026-09-02,0.3%,"9,981,300","72,878,500","1,594","8,380"
2026-09-07 17:31:41,22,인 더 그레이,2026-09-02,0.3%,"9,790,800","72,878,500","1,567","8,380"
2026-09-07 18:46:11,23,인 더 그레이,2026-09-02,0.3%,"9,630,000","72,878,500","1,533","8,380"
2026-09-07 19:21:07,24,인 더 그레이,2026-09-02,0.3%,"9,258,000","72,878,500","1,473","8,380"
2026-09-07 19:31:42,24,인 더 그레이,2026-09-02,0.3%,"9,259,000","72,878,500","1,470","8,380"
2026-09-07 20:47:49,24,인 더 그레이,2026-09-02,0.3%,"9,092,200","72,878,500","1,450","8,380"
2026-09-07 21:21:07,25,인 더 그레이,2026-09-02,0.3%,"9,079,700","72,878,500","1,446","8,380"
2026-09-07 21:31:43,25,인 더 그레이,2026-09-02,0.3%,"9,133,900","72,878,500","1,449","8,380"
2026-09-07 22:21:07,25,인 더 그레이,2026-09-02,0.3%,"9,166,900","72,878,500","1,451","8,380"
2026-09-07 22:31:42,25,인 더 그레이,2026-09-02,0.3%,"9,198,900","72,878,500","1,454","8,380"
2026-09-07 23:21:07,26,인 더 그레이,2026-09-02,0.3%,"9,257,800","72,878,500","1,459","8,380"
2026-09-07 23:31:43,26,인 더 그레이,2026-09-02,0.3%,"9,288,800","72,878,500","1,462","8,380"
2026-09-08 00:21:07,26,인 더 그레이,2026-09-02,0.3%,"9,333,800","79,482,700","1,467","9,201"
2026-09-08 00:31:44,26,인 더 그레이,2026-09-02,0.3%,"9,346,800","79,482,700","1,468","9,201"
2026-09-08 01:21:07,26,인 더 그레이,2026-09-02,0.3%,"9,393,300","79,482,700","1,472","9,201"
2026-09-08 01:31:42,26,인 더 그레이,2026-09-02,0.3%,"9,393,300","79,482,700","1,472","9,201"
2026-09-08 02:21:07,27,인 더 그레이,2026-09-02,0.3%,"9,469,300","79,482,700","1,478","9,201"
2026-09-08 02:31:41,27,인 더 그레이,2026-09-02,0.3%,"9,477,300","79,482,700","1,479","9,201"
2026-09-08 03:21:07,27,인 더 그레이,2026-09-02,0.3%,"9,503,300","79,482,700","1,482","9,201"
2026-09-08 03:31:44,27,인 더 그레이,2026-09-02,0.3%,"9,510,300","79,482,700","1,483","9,201"
2026-09-08 04:21:07,27,인 더 그레이,2026-09-02,0.3%,"9,521,300","79,482,700","1,484","9,201"
2026-09-08 04:31:42,27,인 더 그레이,2026-09-02,0.3%,"9,532,300","79,482,700","1,485","9,201"
2026-09-08 05:21:07,27,인 더 그레이,2026-09-02,0.3%,"9,565,300","79,482,700","1,488","9,201"
2026-09-08 05:31:38,27,인 더 그레이,2026-09-02,0.3%,"9,565,300","79,482,700","1,488","9,201"
2026-09-08 06:21:07,27,인 더 그레이,2026-09-02,0.3%,"9,571,300","79,482,700","1,488","9,201"
2026-09-08 06:31:39,27,인 더 그레이,2026-09-02,0.3%,"9,566,300","79,482,700","1,487","9,201"
2026-09-08 07:21:08,27,인 더 그레이,2026-09-02,0.3%,"9,480,800","79,482,700","1,479","9,201"
2026-09-08 07:31:44,27,인 더 그레이,2026-09-02,0.3%,"9,476,800","79,482,700","1,479","9,201"
2026-09-08 08:21:07,27,인 더 그레이,2026-09-02,0.3%,"9,487,300","79,477,700","1,479","9,200"
2026-09-08 08:31:39,27,인 더 그레이,2026-09-02,0.3%,"9,455,000","79,477,700","1,476","9,200"
2026-09-08 09:21:08,27,인 더 그레이,2026-09-02,0.3%,"9,382,800","79,477,700","1,465","9,200"
2026-09-08 09:31:42,27,인 더 그레이,2026-09-02,0.3%,"9,387,800","79,477,700","1,465","9,200"
2026-09-08 10:21:07,27,인 더 그레이,2026-09-02,0.3%,"8,405,600","79,477,700","1,301","9,200"
2026-09-08 10:31:42,27,인 더 그레이,2026-09-02,0.3%,"8,416,600","79,477,700","1,302","9,200"
2026-09-08 11:21:07,28,인 더 그레이,2026-09-02,0.3%,"8,473,600","79,477,700","1,302","9,200"
2026-09-08 11:31:42,28,인 더 그레이,2026-09-02,0.3%,"8,466,100","79,477,700","1,301","9,200"
2026-09-08 12:21:06,28,인 더 그레이,2026-09-02,0.2%,"7,922,400","79,477,700","1,207","9,200"
2026-09-08 12:31:39,28,인 더 그레이,2026-09-02,0.2%,"7,743,400","79,477,700","1,179","9,200"
2026-09-08 13:21:06,30,인 더 그레이,2026-09-02,0.2%,"7,575,900","79,477,700","1,149","9,200"
2026-09-08 13:31:43,30,인 더 그레이,2026-09-02,0.2%,"7,585,900","79,477,700","1,151","9,200"
2026-09-08 14:21:06,30,인 더 그레이,2026-09-02,0.2%,"7,224,100","79,477,700","1,107","9,200"
2026-09-08 14:31:45,30,인 더 그레이,2026-09-02,0.2%,"7,268,700","79,477,700","1,110","9,200"
2026-09-08 15:21:07,30,인 더 그레이,2026-09-02,0.2%,"7,230,300","79,477,700","1,096","9,200"
2026-09-08 15:31:43,30,인 더 그레이,2026-09-02,0.2%,"7,235,300","79,477,700","1,095","9,200"
2026-09-08 16:21:06,31,인 더 그레이,2026-09-02,0.2%,"7,027,300","79,477,700","1,054","9,200"
2026-09-08 16:31:43,31,인 더 그레이,2026-09-02,0.2%,"6,973,300","79,477,700","1,045","9,200"
2026-09-09 23:56:00,37,인 더 그레이,2026-09-02,0.1%,"5,024,460","86,848,000",690,"10,211"
2026-09-10 00:01:25,37,인 더 그레이,2026-09-02,0.1%,"5,033,460","90,144,500",691,"10,627"
2026-09-10 01:24:43,37,인 더 그레이,2026-09-02,0.1%,"5,082,960","90,144,500",696,"10,627"
2026-09-10 02:21:07,37,인 더 그레이,2026-09-02,0.1%,"5,113,260","90,144,500",699,"10,627"
2026-09-10 05:21:07,37,인 더 그레이,2026-09-02,0.1%,"5,153,260","90,144,500",704,"10,627"
2026-09-10 06:21:07,37,인 더 그레이,2026-09-02,0.1%,"5,178,260","90,144,500",707,"10,627"
2026-09-10 08:21:19,37,인 더 그레이,2026-09-02,0.1%,"4,991,260","90,144,500",689,"10,627"
2026-09-10 09:21:07,38,인 더 그레이,2026-09-02,0.1%,"5,063,860","90,144,500",696,"10,627"
2026-09-10 10:21:07,37,인 더 그레이,2026-09-02,0.1%,"5,013,860","90,144,500",680,"10,627"
2026-09-10 11:21:07,40,인 더 그레이,2026-09-02,0.1%,"4,902,560","90,144,500",660,"10,627"
2026-09-10 12:21:07,40,인 더 그레이,2026-09-02,0.1%,"4,853,500","90,144,500",650,"10,627"
2026-09-10 13:21:07,41,인 더 그레이,2026-09-02,0.1%,"4,739,900","90,144,500",634,"10,627"
2026-09-10 14:21:07,41,인 더 그레이,2026-09-02,0.1%,"4,754,400","90,144,500",633,"10,627"
2026-09-10 16:21:07,42,인 더 그레이,2026-09-02,0.1%,"4,668,900","90,144,500",616,"10,627"
2026-09-10 17:21:07,42,인 더 그레이,2026-09-02,0.1%,"4,623,900","90,144,500",608,"10,627"
2026-09-10 18:21:07,42,인 더 그레이,2026-09-02,0.1%,"4,644,900","90,144,500",609,"10,627"
2026-09-10 19:21:07,42,인 더 그레이,2026-09-02,0.1%,"4,655,400","90,144,500",610,"10,627"
2026-09-10 20:21:07,42,인 더 그레이,2026-09-02,0.1%,"4,561,500","90,144,500",595,"10,627"
2026-09-10 21:21:07,42,인 더 그레이,2026-09-02,0.1%,"4,574,500","90,144,500",598,"10,627"
2026-09-10 22:21:07,42,인 더 그레이,2026-09-02,0.1%,"4,598,500","90,144,500",600,"10,627"
2026-09-10 23:21:07,42,인 더 그레이,2026-09-02,0.1%,"4,651,000","90,144,500",606,"10,627"
2026-09-11 00:21:07,42,인 더 그레이,2026-09-02,0.1%,"4,705,000","92,548,060",611,"10,909"
2026-09-11 01:21:07,42,인 더 그레이,2026-09-02,0.1%,"4,727,000","92,548,060",613,"10,909"
2026-09-11 02:21:07,42,인 더 그레이,2026-09-02,0.1%,"4,716,500","92,548,060",612,"10,909"
2026-09-11 03:21:07,42,인 더 그레이,2026-09-02,0.1%,"4,730,500","92,548,060",613,"10,909"
2026-09-11 04:21:07,42,인 더 그레이,2026-09-02,0.1%,"4,722,000","92,548,060",612,"10,909"
2026-09-11 05:21:07,42,인 더 그레이,2026-09-02,0.1%,"4,722,000","92,548,060",612,"10,909"
2026-09-11 06:21:07,42,인 더 그레이,2026-09-02,0.1%,"4,720,500","92,548,060",612,"10,909"
2026-09-11 07:21:06,42,인 더 그레이,2026-09-02,0.1%,"4,693,000","92,548,060",608,"10,909"
2026-09-11 08:21:06,42,인 더 그레이,2026-09-02,0.1%,"4,634,500","92,548,060",600,"10,909"
2026-09-11 09:21:06,42,인 더 그레이,2026-09-02,0.1%,"4,636,500","92,548,060",600,"10,909"
2026-09-11 10:21:06,42,인 더 그레이,2026-09-02,0.1%,"4,662,000","92,548,060",597,"10,909"
2026-09-11 11:21:06,43,인 더 그레이,2026-09-02,0.1%,"4,386,500","92,548,060",566,"10,909"
2026-09-11 12:21:10,43,인 더 그레이,2026-09-02,0.1%,"4,214,500","92,548,060",548,"10,909"
2026-09-11 13:27:05,43,인 더 그레이,2026-09-02,0.1%,"4,138,500","92,548,060",539,"10,909"
2026-09-11 14:27:13,43,인 더 그레이,2026-09-02,0.1%,"4,072,000","92,548,060",527,"10,909"
2026-09-11 15:27:10,47,인 더 그레이,2026-09-02,0.1%,"3,970,000","92,548,060",512,"10,909"
2026-09-11 16:27:13,49,인 더 그레이,2026-09-02,0.1%,"3,847,000","92,548,060",494,"10,909"
2026-09-11 17:27:12,49,인 더 그레이,2026-09-02,0.1%,"3,793,200","92,548,060",483,"10,909"
2026-09-11 18:27:10,50,인 더 그레이,2026-09-02,0.1%,"3,821,800","92,548,060",483,"10,909"
2026-09-11 19:27:10,49,인 더 그레이,2026-09-02,0.1%,"3,891,300","92,548,060",491,"10,909"
2026-09-11 20:27:06,50,인 더 그레이,2026-09-02,0.1%,"3,906,800","92,548,060",490,"10,909"
2026-09-11 21:27:05,51,인 더 그레이,2026-09-02,0.1%,"4,018,800","92,548,060",500,"10,909"
2026-09-11 22:27:06,50,인 더 그레이,2026-09-02,0.1%,"4,041,800","92,548,060",503,"10,909"
2026-09-11 23:27:05,50,인 더 그레이,2026-09-02,0.1%,"4,093,600","92,548,060",507,"10,909"
2026-09-12 00:27:40,50,인 더 그레이,2026-09-02,0.1%,"4,123,600","95,093,060",511,"11,199"
2026-09-12 01:27:12,50,인 더 그레이,2026-09-02,0.1%,"4,161,600","95,093,060",514,"11,199"
2026-09-12 02:27:12,50,인 더 그레이,2026-09-02,0.1%,"4,161,600","95,093,060",514,"11,199"
2026-09-12 03:27:13,50,인 더 그레이,2026-09-02,0.1%,"4,169,600","95,093,060",514,"11,199"
2026-09-12 04:27:19,50,인 더 그레이,2026-09-02,0.1%,"4,161,100","95,093,060",513,"11,199"
2026-09-12 05:27:16,50,인 더 그레이,2026-09-02,0.1%,"4,164,100","95,093,060",513,"11,199"
2026-09-12 06:27:11,50,인 더 그레이,2026-09-02,0.1%,"4,191,100","95,093,060",515,"11,199"
2026-09-12 07:27:11,50,인 더 그레이,2026-09-02,0.1%,"4,091,000","95,093,060",505,"11,199"
2026-09-12 08:27:10,49,인 더 그레이,2026-09-02,0.1%,"3,986,500","95,093,060",491,"11,199"
2026-09-12 09:27:11,48,인 더 그레이,2026-09-02,0.1%,"3,713,900","95,093,060",459,"11,199"
2026-09-12 10:27:05,50,인 더 그레이,2026-09-02,0.1%,"3,588,400","95,093,060",437,"11,199"
2026-09-12 11:27:05,51,인 더 그레이,2026-09-02,0.1%,"3,540,400","95,093,060",430,"11,199"
2026-09-12 12:27:06,50,인 더 그레이,2026-09-02,0.1%,"3,596,200","95,093,060",434,"11,199"
2026-09-12 13:27:04,49,인 더 그레이,2026-09-02,0.1%,"3,570,200","95,093,060",428,"11,199"
2026-09-12 14:27:05,49,인 더 그레이,2026-09-02,0.1%,"3,446,200","95,093,060",407,"11,199"
2026-09-12 15:27:06,50,인 더 그레이,2026-09-02,0.1%,"3,302,200","95,093,060",393,"11,199"
2026-09-12 16:27:12,50,인 더 그레이,2026-09-02,0.1%,"3,285,200","95,093,060",391,"11,199"
2026-09-12 17:27:13,51,인 더 그레이,2026-09-02,0.1%,"3,286,200","95,093,060",385,"11,199"
2026-09-12 18:27:12,50,인 더 그레이,2026-09-02,0.1%,"3,314,700","95,093,060",387,"11,199"
2026-09-12 19:27:12,50,인 더 그레이,2026-09-02,0.1%,"3,260,700","95,093,060",372,"11,199"
2026-09-12 20:27:13,51,인 더 그레이,2026-09-02,0.1%,"3,064,300","95,093,060",355,"11,199"
2026-09-12 21:27:11,52,인 더 그레이,2026-09-02,0.1%,"3,012,300","95,093,060",346,"11,199"
2026-09-12 22:27:17,52,인 더 그레이,2026-09-02,0.1%,"3,050,300","95,093,060",350,"11,199"
2026-09-12 23:27:12,52,인 더 그레이,2026-09-02,0.1%,"3,072,300","95,093,060",351,"11,199"
2026-09-13 00:27:14,52,인 더 그레이,2026-09-02,0.1%,"3,101,000","98,002,260",355,"11,543"
2026-09-13 01:27:18,52,인 더 그레이,2026-09-02,0.1%,"3,111,000","98,002,260",356,"11,543"
2026-09-13 03:27:11,52,인 더 그레이,2026-09-02,0.1%,"3,091,200","98,002,260",354,"11,543"
2026-09-13 04:27:18,52,인 더 그레이,2026-09-02,0.1%,"3,101,200","98,002,260",355,"11,543"
2026-09-13 05:27:13,52,인 더 그레이,2026-09-02,0.1%,"3,089,200","98,002,260",354,"11,543"
2026-09-13 06:21:07,52,인 더 그레이,2026-09-02,0.1%,"3,089,200","98,002,260",354,"11,543"
2026-09-13 06:47:25,52,인 더 그레이,2026-09-02,0.1%,"3,057,200","98,002,260",351,"11,543"
2026-09-13 08:21:07,57,인 더 그레이,2026-09-02,0.1%,"2,500,300","98,029,260",294,"11,546"
2026-09-13 09:21:07,59,인 더 그레이,2026-09-02,0.1%,"2,363,500","98,029,260",279,"11,546"
2026-09-13 10:21:07,58,인 더 그레이,2026-09-02,0.1%,"2,247,500","98,029,260",258,"11,546"
2026-09-13 11:21:07,57,인 더 그레이,2026-09-02,0.1%,"2,225,500","98,029,260",256,"11,546"
2026-09-13 12:21:07,56,인 더 그레이,2026-09-02,0.1%,"2,308,500","98,029,260",264,"11,546"
2026-09-13 12:47:52,55,인 더 그레이,2026-09-02,0.1%,"2,309,000","98,029,260",263,"11,546"
2026-09-13 13:21:07,54,인 더 그레이,2026-09-02,0.1%,"2,320,000","98,029,260",264,"11,546"
2026-09-13 14:21:07,56,인 더 그레이,2026-09-02,0.1%,"2,237,000","98,029,260",251,"11,546"
2026-09-13 15:21:07,57,인 더 그레이,2026-09-02,0.1%,"2,148,900","98,029,260",235,"11,546"
2026-09-13 16:21:07,56,인 더 그레이,2026-09-02,0.1%,"2,143,900","98,029,260",235,"11,546"
2026-09-13 17:21:07,57,인 더 그레이,2026-09-02,0.1%,"2,034,900","98,029,260",219,"11,546"
2026-09-13 18:21:07,74,인 더 그레이,2026-09-02,0.0%,"1,440,000","98,029,260",150,"11,546"
2026-09-13 18:47:38,74,인 더 그레이,2026-09-02,0.0%,"1,440,000","98,029,260",150,"11,546"
2026-09-13 19:21:07,74,인 더 그레이,2026-09-02,0.0%,"1,440,000","98,029,260",150,"11,546"
2026-09-13 20:21:08,75,인 더 그레이,2026-09-02,0.0%,"1,366,000","98,029,260",139,"11,546"
2026-09-13 21:21:08,76,인 더 그레이,2026-09-02,0.0%,"1,392,000","98,029,260",138,"11,546"
2026-09-13 22:21:07,77,인 더 그레이,2026-09-02,0.0%,"1,381,500","98,029,260",137,"11,546"
2026-09-13 23:21:08,77,인 더 그레이,2026-09-02,0.0%,"1,389,500","98,029,260",138,"11,546"
2026-09-14 00:21:08,76,인 더 그레이,2026-09-02,0.0%,"1,413,500","101,025,160",140,"11,893"
2026-09-14 00:47:16,77,인 더 그레이,2026-09-02,0.0%,"1,413,500","101,025,160",140,"11,893"
2026-09-14 01:21:07,76,인 더 그레이,2026-09-02,0.0%,"1,432,500","101,025,160",142,"11,893"
2026-09-14 02:21:07,76,인 더 그레이,2026-09-02,0.0%,"1,441,000","101,025,160",143,"11,893"
2026-09-14 03:21:07,,,,,,,,
2026-09-14 04:21:07,77,인 더 그레이,2026-09-02,0.0%,"1,430,000","101,025,160",142,"11,893"
2026-09-14 05:21:07,77,인 더 그레이,2026-09-02,0.0%,"1,439,000","101,025,160",143,"11,893"
2026-09-14 06:21:08,77,인 더 그레이,2026-09-02,0.0%,"1,428,000","101,025,160",142,"11,893"
2026-09-14 06:47:20,77,인 더 그레이,2026-09-02,0.0%,"1,428,000","101,025,160",142,"11,893"
2026-09-14 07:21:07,77,인 더 그레이,2026-09-02,0.0%,"1,411,000","101,025,160",140,"11,893"
2026-09-14 08:21:07,78,인 더 그레이,2026-09-02,0.0%,"1,391,000","101,025,160",138,"11,893"
2026-09-14 09:21:08,78,인 더 그레이,2026-09-02,0.0%,"1,405,000","101,025,160",140,"11,893"
2026-09-14 10:21:08,77,인 더 그레이,2026-09-02,0.0%,"1,438,500","101,025,160",143,"11,893"
2026-09-14 11:21:07,78,인 더 그레이,2026-09-02,0.0%,"1,364,000","101,025,160",136,"11,893"
2026-09-14 12:21:08,77,인 더 그레이,2026-09-02,0.0%,"1,415,200","101,025,160",140,"11,893"
2026-09-14 12:47:23,78,인 더 그레이,2026-09-02,0.0%,"1,339,200","101,025,160",133,"11,893"
2026-09-14 13:21:07,78,인 더 그레이,2026-09-02,0.0%,"1,367,200","101,025,160",135,"11,893"
2026-09-14 14:21:07,78,인 더 그레이,2026-09-02,0.0%,"1,400,200","101,025,160",138,"11,893"
2026-09-14 15:21:07,78,인 더 그레이,2026-09-02,0.0%,"1,379,000","101,025,160",136,"11,893"
2026-09-14 16:21:07,77,인 더 그레이,2026-09-02,0.0%,"1,410,500","101,025,160",140,"11,893"
2026-09-14 17:21:07,78,인 더 그레이,2026-09-02,0.0%,"1,342,000","101,025,160",133,"11,893"
2026-09-14 18:21:08,78,인 더 그레이,2026-09-02,0.0%,"1,328,500","101,025,160",132,"11,893"
2026-09-14 18:47:26,77,인 더 그레이,2026-09-02,0.0%,"1,335,500","101,025,160",133,"11,893"
2026-09-14 19:21:08,78,인 더 그레이,2026-09-02,0.0%,"1,371,000","101,025,160",137,"11,893"
2026-09-14 20:21:08,78,인 더 그레이,2026-09-02,0.0%,"1,345,500","101,025,160",134,"11,893"
2026-09-14 21:21:08,78,인 더 그레이,2026-09-02,0.0%,"1,392,250","101,025,160",138,"11,893"
2026-09-14 22:21:08,77,인 더 그레이,2026-09-02,0.0%,"1,412,750","101,025,160",140,"11,893"
2026-09-16 09:21:08,79,인 더 그레이,2026-09-02,0.0%,"1,250,000","103,420,610",128,"12,135"
2026-09-16 10:21:07,77,인 더 그레이,2026-09-02,0.0%,"1,283,000","103,420,610",131,"12,135"
2026-09-16 10:51:37,77,인 더 그레이,2026-09-02,0.0%,"1,273,000","103,420,610",130,"12,135"
2026-09-16 11:21:08,77,인 더 그레이,2026-09-02,0.0%,"1,273,000","103,420,610",130,"12,135"
2026-09-16 12:21:07,77,인 더 그레이,2026-09-02,0.0%,"1,264,000","103,420,610",129,"12,135"
2026-09-16 13:21:07,75,인 더 그레이,2026-09-02,0.0%,"1,288,000","103,420,610",131,"12,135"
2026-09-16 14:21:08,75,인 더 그레이,2026-09-02,0.0%,"1,288,000","103,420,610",131,"12,135"
2026-09-16 15:21:08,66,인 더 그레이,2026-09-02,0.0%,"1,558,000","103,420,610",180,"12,135"
2026-09-16 16:21:07,67,인 더 그레이,2026-09-02,0.0%,"1,547,000","103,420,610",179,"12,135"
2026-09-16 17:21:08,109,인 더 그레이,2026-09-02,0.0%,"543,000","103,420,610",79,"12,135"
2026-09-16 18:21:08,106,인 더 그레이,2026-09-02,0.0%,"554,000","103,420,610",80,"12,135"
2026-09-17 10:35:35,131,인 더 그레이,2026-09-02,0.0%,"478,000","104,594,610",59,"12,254"
2026-09-17 11:24:40,127,인 더 그레이,2026-09-02,0.0%,"503,500","104,594,610",62,"12,254"
2026-09-17 12:21:07,127,인 더 그레이,2026-09-02,0.0%,"511,500","104,594,610",63,"12,254"
2026-09-17 13:21:07,126,인 더 그레이,2026-09-02,0.0%,"522,500","104,594,610",64,"12,254"
2026-09-17 14:21:08,133,인 더 그레이,2026-09-02,0.0%,"478,500","104,594,610",60,"12,254"
2026-09-17 15:21:10,138,인 더 그레이,2026-09-02,0.0%,"463,000","104,594,610",58,"12,254"
2026-09-17 16:21:07,133,인 더 그레이,2026-09-02,0.0%,"479,000","104,594,610",60,"12,254"
2026-09-17 17:21:07,136,인 더 그레이,2026-09-02,0.0%,"523,500","104,594,610",64,"12,254"
2026-09-17 18:21:07,135,인 더 그레이,2026-09-02,0.0%,"523,500","104,594,610",64,"12,254"
2026-09-17 19:21:07,146,인 더 그레이,2026-09-02,0.0%,"476,500","104,594,610",55,"12,254"
2026-09-17 20:21:07,167,인 더 그레이,2026-09-02,0.0%,"386,500","104,594,610",40,"12,254"
2026-09-17 21:21:07,170,인 더 그레이,2026-09-02,0.0%,"365,500","104,594,610",36,"12,254"
2026-09-17 22:21:07,174,인 더 그레이,2026-09-02,0.0%,"331,500","104,594,610",31,"12,254"
2026-09-17 23:21:07,174,인 더 그레이,2026-09-02,0.0%,"346,500","104,594,610",32,"12,254"
2026-09-18 00:21:07,174,인 더 그레이,2026-09-02,0.0%,"348,000","105,191,010",32,"12,341"
2026-09-18 09:21:09,178,인 더 그레이,2026-09-02,0.0%,"321,800","105,191,010",30,"12,341"
2026-09-18 10:21:07,182,인 더 그레이,2026-09-02,0.0%,"321,800","105,191,010",30,"12,341"
2026-09-18 11:21:07,182,인 더 그레이,2026-09-02,0.0%,"321,800","105,191,010",30,"12,341"
2026-09-18 12:21:07,163,인 더 그레이,2026-09-02,0.0%,"391,100","105,191,010",41,"12,341"
2026-09-18 14:49:40,168,인 더 그레이,2026-09-02,0.0%,"301,100","105,191,010",37,"12,341"
2026-09-18 15:21:07,166,인 더 그레이,2026-09-02,0.0%,"301,100","105,191,010",37,"12,341"
2026-09-18 16:21:07,165,인 더 그레이,2026-09-02,0.0%,"301,100","105,191,010",37,"12,341"
2026-09-18 17:21:07,165,인 더 그레이,2026-09-02,0.0%,"301,100","105,191,010",37,"12,341"
2026-09-18 18:21:07,169,인 더 그레이,2026-09-02,0.0%,"292,300","105,191,010",36,"12,341"
2026-09-18 19:21:07,164,인 더 그레이,2026-09-02,0.0%,"303,300","105,191,010",37,"12,341"
2026-09-18 20:21:07,166,인 더 그레이,2026-09-02,0.0%,"289,300","105,191,010",36,"12,341"
2026-09-18 21:21:07,165,인 더 그레이,2026-09-02,0.0%,"299,300","105,191,010",37,"12,341"
2026-09-18 22:21:07,167,인 더 그레이,2026-09-02,0.0%,"290,300","105,191,010",36,"12,341"
2026-09-18 23:21:07,163,인 더 그레이,2026-09-02,0.0%,"320,300","105,191,010",39,"12,341"
2026-09-19 00:21:07,166,인 더 그레이,2026-09-02,0.0%,"312,300","105,428,010",38,"12,362"
2026-09-19 01:21:07,166,인 더 그레이,2026-09-02,0.0%,"301,300","105,428,010",37,"12,362"
2026-09-19 02:21:07,166,인 더 그레이,2026-09-02,0.0%,"301,300","105,428,010",37,"12,362"
2026-09-19 03:21:07,166,인 더 그레이,2026-09-02,0.0%,"301,300","105,428,010",37,"12,362"
2026-09-19 04:21:07,166,인 더 그레이,2026-09-02,0.0%,"301,300","105,428,010",37,"12,362"
2026-09-19 05:21:07,166,인 더 그레이,2026-09-02,0.0%,"301,300","105,428,010",37,"12,362"
2026-09-19 06:21:07,165,인 더 그레이,2026-09-02,0.0%,"301,300","105,428,010",37,"12,362"
2026-09-19 07:21:07,166,인 더 그레이,2026-09-02,0.0%,"301,300","105,428,010",37,"12,362"
2026-09-19 08:21:07,163,인 더 그레이,2026-09-02,0.0%,"301,300","105,428,010",37,"12,362"
2026-09-19 09:21:07,160,인 더 그레이,2026-09-02,0.0%,"301,300","105,428,010",37,"12,362"
2026-09-19 10:21:07,160,인 더 그레이,2026-09-02,0.0%,"301,300","105,428,010",37,"12,362"
2026-09-19 11:21:07,156,인 더 그레이,2026-09-02,0.0%,"301,300","105,428,010",37,"12,362"
2026-09-19 12:21:07,152,인 더 그레이,2026-09-02,0.0%,"301,300","105,428,010",37,"12,362"
2026-09-19 13:21:07,149,인 더 그레이,2026-09-02,0.0%,"300,300","105,428,010",37,"12,362"
2026-09-19 14:21:07,157,인 더 그레이,2026-09-02,0.0%,"225,300","105,428,010",31,"12,362"
2026-09-19 15:21:07,153,인 더 그레이,2026-09-02,0.0%,"225,300","105,428,010",31,"12,362"
2026-09-19 16:21:07,151,인 더 그레이,2026-09-02,0.0%,"225,300","105,428,010",31,"12,362"
2026-09-19 17:21:07,147,인 더 그레이,2026-09-02,0.0%,"225,300","105,428,010",31,"12,362"
2026-09-19 18:21:09,141,인 더 그레이,2026-09-02,0.0%,"238,300","105,428,010",32,"12,362"
2026-09-19 19:21:07,144,인 더 그레이,2026-09-02,0.0%,"248,300","105,428,010",33,"12,362"
2026-09-19 20:21:07,135,인 더 그레이,2026-09-02,0.0%,"290,100","105,428,010",38,"12,362"
2026-09-19 21:21:07,136,인 더 그레이,2026-09-02,0.0%,"301,100","105,428,010",39,"12,362"
2026-09-19 22:21:07,135,인 더 그레이,2026-09-02,0.0%,"301,100","105,428,010",39,"12,362"
2026-09-19 23:21:07,137,인 더 그레이,2026-09-02,0.0%,"301,100","105,428,010",39,"12,362"
2026-09-20 00:21:07,134,인 더 그레이,2026-09-02,0.0%,"309,100","105,625,510",40,"12,380"
2026-09-20 01:21:07,132,인 더 그레이,2026-09-02,0.0%,"325,100","105,625,510",42,"12,380"
2026-09-20 02:21:07,132,인 더 그레이,2026-09-02,0.0%,"325,100","105,625,510",42,"12,380"
2026-09-20 03:21:07,133,인 더 그레이,2026-09-02,0.0%,"314,100","105,625,510",41,"12,380"
2026-09-20 04:21:07,133,인 더 그레이,2026-09-02,0.0%,"314,100","105,625,510",41,"12,380"
2026-09-20 05:21:07,133,인 더 그레이,2026-09-02,0.0%,"314,100","105,625,510",41,"12,380"
2026-09-20 06:21:07,142,인 더 그레이,2026-09-02,0.0%,"283,000","105,625,510",37,"12,380"
2026-09-20 07:21:07,147,인 더 그레이,2026-09-02,0.0%,"242,000","105,625,510",33,"12,380"
2026-09-20 08:21:07,153,인 더 그레이,2026-09-02,0.0%,"199,000","105,625,510",28,"12,380"
2026-09-20 09:21:07,150,인 더 그레이,2026-09-02,0.0%,"203,000","105,625,510",28,"12,380"
2026-09-20 10:21:07,147,인 더 그레이,2026-09-02,0.0%,"203,000","105,625,510",28,"12,380"
2026-09-20 11:21:17,145,인 더 그레이,2026-09-02,0.0%,"203,000","105,625,510",28,"12,380"
2026-09-20 12:21:07,138,인 더 그레이,2026-09-02,0.0%,"203,000","105,625,510",28,"12,380"
2026-09-20 13:21:07,137,인 더 그레이,2026-09-02,0.0%,"190,000","105,625,510",27,"12,380"
2026-09-20 14:21:07,131,인 더 그레이,2026-09-02,0.0%,"212,000","105,625,510",29,"12,380"
2026-09-20 15:21:07,128,인 더 그레이,2026-09-02,0.0%,"190,000","105,625,510",27,"12,380"
2026-09-20 16:21:07,127,인 더 그레이,2026-09-02,0.0%,"190,000","105,625,510",27,"12,380"
2026-09-20 17:21:07,124,인 더 그레이,2026-09-02,0.0%,"190,000","105,625,510",27,"12,380"
2026-09-20 18:21:07,117,인 더 그레이,2026-09-02,0.0%,"190,000","105,625,510",27,"12,380"
2026-09-20 19:21:08,115,인 더 그레이,2026-09-02,0.0%,"200,000","105,625,510",28,"12,380"
2026-09-20 20:21:08,115,인 더 그레이,2026-09-02,0.0%,"200,000","105,625,510",28,"12,380"
2026-09-20 21:21:07,115,인 더 그레이,2026-09-02,0.0%,"190,000","105,625,510",27,"12,380"
2026-09-20 22:21:07,115,인 더 그레이,2026-09-02,0.0%,"190,000","105,625,510",27,"12,380"
2026-09-20 23:21:08,116,인 더 그레이,2026-09-02,0.0%,"204,000","105,625,510",28,"12,380"
2026-09-21 00:21:07,116,인 더 그레이,2026-09-02,0.0%,"204,000","105,817,110",28,"12,401"
2026-09-21 01:21:08,116,인 더 그레이,2026-09-02,0.0%,"204,000","105,817,110",28,"12,401"
2026-09-21 02:21:07,116,인 더 그레이,2026-09-02,0.0%,"204,000","105,817,110",28,"12,401"
2026-09-21 03:21:08,116,인 더 그레이,2026-09-02,0.0%,"204,000","105,817,110",28,"12,401"
2026-09-21 04:21:07,116,인 더 그레이,2026-09-02,0.0%,"204,000","105,817,110",28,"12,401"
2026-09-21 05:21:07,116,인 더 그레이,2026-09-02,0.0%,"204,000","105,817,110",28,"12,401"
2026-09-21 06:21:07,115,인 더 그레이,2026-09-02,0.0%,"204,000","105,817,110",28,"12,401"
2026-09-21 07:21:08,116,인 더 그레이,2026-09-02,0.0%,"194,000","105,817,110",27,"12,401"
2026-09-21 08:21:07,116,인 더 그레이,2026-09-02,0.0%,"184,000","105,817,110",26,"12,401"
2026-09-21 09:21:13,116,인 더 그레이,2026-09-02,0.0%,"184,000","105,817,110",26,"12,401"
2026-09-21 10:21:07,119,인 더 그레이,2026-09-02,0.0%,"164,000","105,817,110",24,"12,401"
2026-09-21 11:21:07,119,인 더 그레이,2026-09-02,0.0%,"164,000","105,817,110",24,"12,401"
2026-09-21 12:21:07,119,인 더 그레이,2026-09-02,0.0%,"174,000","105,817,110",25,"12,401"
2026-09-21 13:21:07,120,인 더 그레이,2026-09-02,0.0%,"160,000","105,817,110",24,"12,401"
2026-09-21 14:21:07,71,인 더 그레이,2026-09-02,0.0%,"460,000","105,817,110",74,"12,401"
2026-09-21 15:21:07,72,인 더 그레이,2026-09-02,0.0%,"450,000","105,817,110",73,"12,401"
2026-09-21 16:21:07,70,인 더 그레이,2026-09-02,0.0%,"460,000","105,817,110",74,"12,401"
2026-09-21 17:21:07,70,인 더 그레이,2026-09-02,0.0%,"460,000","105,817,110",74,"12,401"
2026-09-21 18:21:07,68,인 더 그레이,2026-09-02,0.0%,"484,000","105,817,110",76,"12,401"
2026-09-21 19:21:07,69,인 더 그레이,2026-09-02,0.0%,"484,000","105,817,110",76,"12,401"
2026-09-21 20:21:07,70,인 더 그레이,2026-09-02,0.0%,"460,000","105,817,110",74,"12,401"
2026-09-21 21:21:07,70,인 더 그레이,2026-09-02,0.0%,"460,000","105,817,110",74,"12,401"
2026-09-21 22:21:07,70,인 더 그레이,2026-09-02,0.0%,"460,000","105,817,110",74,"12,401"
2026-09-21 23:21:07,70,인 더 그레이,2026-09-02,0.0%,"480,000","105,817,110",76,"12,401"
2026-09-22 00:21:07,70,인 더 그레이,2026-09-02,0.0%,"480,000","105,957,910",76,"12,416"
2026-09-22 01:21:07,70,인 더 그레이,2026-09-02,0.0%,"480,000","105,957,910",76,"12,416"
2026-09-22 02:21:07,72,인 더 그레이,2026-09-02,0.0%,"480,000","105,957,910",76,"12,416"
2026-09-22 03:21:07,72,인 더 그레이,2026-09-02,0.0%,"480,000","105,957,910",76,"12,416"
2026-09-22 04:21:07,72,인 더 그레이,2026-09-02,0.0%,"480,000","105,957,910",76,"12,416"
2026-09-22 05:21:07,72,인 더 그레이,2026-09-02,0.0%,"480,000","105,957,910",76,"12,416"
2026-09-22 06:21:07,72,인 더 그레이,2026-09-02,0.0%,"480,000","105,957,910",76,"12,416"
2026-09-22 07:21:07,71,인 더 그레이,2026-09-02,0.0%,"480,000","105,957,910",76,"12,416"
2026-09-22 08:21:07,74,인 더 그레이,2026-09-02,0.0%,"450,000","105,957,910",73,"12,416"
2026-09-22 09:21:07,73,인 더 그레이,2026-09-02,0.0%,"450,000","105,957,910",73,"12,416"
2026-09-22 09:43:41,72,인 더 그레이,2026-09-02,0.0%,"450,000","105,957,910",73,"12,416"
2026-09-22 10:21:07,72,인 더 그레이,2026-09-02,0.0%,"440,000","105,957,910",72,"12,416"
2026-09-22 11:21:07,71,인 더 그레이,2026-09-02,0.0%,"440,000","105,957,910",72,"12,416"
2026-09-22 12:21:07,71,인 더 그레이,2026-09-02,0.0%,"440,000","105,957,910",72,"12,416"
2026-09-22 13:21:07,68,인 더 그레이,2026-09-02,0.0%,"440,000","105,957,910",72,"12,416"
2026-09-22 14:21:07,70,인 더 그레이,2026-09-02,0.0%,"440,000","105,957,910",72,"12,416"
2026-09-22 15:21:07,60,인 더 그레이,2026-09-02,0.0%,"530,000","105,957,910",87,"12,416"
2026-09-22 16:21:07,62,인 더 그레이,2026-09-02,0.0%,"530,000","105,957,910",87,"12,416"
2026-09-22 17:21:08,65,인 더 그레이,2026-09-02,0.0%,"530,000","105,957,910",87,"12,416"
2026-09-22 18:21:07,62,인 더 그레이,2026-09-02,0.0%,"530,000","105,957,910",87,"12,416"
2026-09-22 19:21:07,63,인 더 그레이,2026-09-02,0.0%,"530,000","105,957,910",87,"12,416"
2026-09-22 20:21:07,64,인 더 그레이,2026-09-02,0.0%,"530,000","105,957,910",87,"12,416"
2026-09-22 21:21:07,67,인 더 그레이,2026-09-02,0.0%,"530,000","105,957,910",87,"12,416"
2026-09-22 22:21:07,66,인 더 그레이,2026-09-02,0.0%,"540,000","105,957,910",88,"12,416"
2026-09-22 23:21:07,66,인 더 그레이,2026-09-02,0.0%,"550,000","105,957,910",89,"12,416"
2026-09-23 00:21:07,67,인 더 그레이,2026-09-02,0.0%,"541,000","106,081,910",88,"12,430"
2026-09-23 01:21:07,67,인 더 그레이,2026-09-02,0.0%,"556,600","106,081,910",90,"12,430"
2026-09-23 02:21:08,67,인 더 그레이,2026-09-02,0.0%,"556,600","106,081,910",90,"12,430"
2026-09-23 03:21:07,68,인 더 그레이,2026-09-02,0.0%,"546,600","106,081,910",89,"12,430"
2026-09-23 11:21:07,70,인 더 그레이,2026-09-02,0.0%,"510,000","106,081,910",85,"12,430"
2026-09-23 12:21:08,70,인 더 그레이,2026-09-02,0.0%,"510,000","106,081,910",85,"12,430"
2026-09-23 13:21:07,72,인 더 그레이,2026-09-02,0.0%,"540,000","106,081,910",90,"12,430"
2026-09-23 14:21:09,73,인 더 그레이,2026-09-02,0.0%,"540,000","106,081,910",90,"12,430"
2026-09-23 15:21:07,74,인 더 그레이,2026-09-02,0.0%,"540,000","106,081,910",90,"12,430"
2026-09-23 16:21:07,73,인 더 그레이,2026-09-02,0.0%,"540,000","106,081,910",90,"12,430"
2026-09-23 17:21:07,73,인 더 그레이,2026-09-02,0.0%,"540,000","106,081,910",90,"12,430"
2026-09-23 18:21:08,71,인 더 그레이,2026-09-02,0.0%,"570,000","106,081,910",95,"12,430"
2026-09-23 19:21:07,75,인 더 그레이,2026-09-02,0.0%,"570,000","106,081,910",95,"12,430"
2026-09-23 20:21:07,76,인 더 그레이,2026-09-02,0.0%,"570,000","106,081,910",95,"12,430"
2026-09-23 21:21:07,76,인 더 그레이,2026-09-02,0.0%,"570,000","106,081,910",95,"12,430"
2026-09-23 22:21:07,77,인 더 그레이,2026-09-02,0.0%,"570,000","106,081,910",95,"12,430"
2026-09-23 23:21:07,77,인 더 그레이,2026-09-02,0.0%,"570,000","106,081,910",95,"12,430"
2026-09-24 00:21:07,77,인 더 그레이,2026-09-02,0.0%,"570,000","106,128,510",95,"12,435"
2026-09-24 01:21:07,78,인 더 그레이,2026-09-02,0.0%,"570,000","106,128,510",95,"12,435"
