수집시각,날짜,관객수,누적관객수,무료관객수,스크린수,상영횟수,매출액,누적매출액
2026-09-02 10:18:58,2026-09-02,2349,2505,54,135,246,17916060,19320060
2026-09-02 11:31:46,2026-09-02,2414,2570,57,137,254,18562660,19966660
2026-09-02 12:31:45,2026-09-02,2499,2655,60,140,259,19355360,20759360
2026-09-02 13:32:56,2026-09-02,2568,2724,58,143,265,20028260,21432260
2026-09-02 17:48:35,2026-09-02,2814,2970,66,148,285,22551260,23955260
2026-09-02 18:31:50,2026-09-02,2844,3000,66,149,287,22860260,24264260
2026-09-02 19:17:02,2026-09-02,2872,3028,66,150,288,23154560,24558560
2026-09-02 20:11:36,2026-09-02,2909,3065,68,151,289,23567060,24971060
2026-09-03 10:31:43,2026-09-03,876,3991,20,121,201,6830800,32305160
2026-09-03 11:49:39,2026-09-03,918,4033,24,123,205,7253500,32727860
2026-09-03 12:31:52,2026-09-03,969,4084,24,129,217,7773000,33247360
2026-09-03 13:31:49,2026-09-03,1017,4132,26,132,225,8290400,33764760
2026-09-03 14:31:46,2026-09-03,1068,4183,28,136,231,8806900,34281260
2026-09-03 15:31:48,2026-09-03,1135,4250,31,141,241,9479400,34953760
2026-09-03 16:31:47,2026-09-03,1208,4323,33,145,251,10198900,35673260
2026-09-03 17:31:49,2026-09-03,1242,4357,36,147,255,10551300,36025660
2026-09-03 18:31:44,2026-09-03,1255,4370,34,150,261,10689100,36163460
2026-09-03 19:31:48,2026-09-03,1286,4401,35,149,264,11032800,36507160
2026-09-03 20:31:57,2026-09-03,1316,4431,36,149,268,11350800,36825160
2026-09-03 21:32:19,2026-09-03,1327,4442,36,149,267,11451300,36925660
2026-09-03 22:32:06,2026-09-03,1336,4451,36,152,271,11545300,37019660
2026-09-03 23:31:45,2026-09-03,1338,4453,36,152,271,11571300,37045660
2026-09-04 00:31:52,2026-09-04,621,5074,15,103,147,4961120,42006780
2026-09-04 01:31:51,2026-09-04,626,5079,15,105,149,5013420,42059080
2026-09-04 02:31:50,2026-09-04,623,5076,15,106,150,4987920,42033580
2026-09-04 03:31:48,2026-09-04,622,5075,15,106,150,4997920,42043580
2026-09-04 04:31:49,2026-09-04,625,5078,15,107,151,5023420,42069080
2026-09-04 05:31:50,2026-09-04,627,5080,16,107,151,5038420,42084080
2026-09-04 06:31:49,2026-09-04,627,5080,17,109,154,5021420,42067080
2026-09-04 07:31:50,2026-09-04,637,5090,16,109,155,5143920,42189580
2026-09-04 08:31:50,2026-09-04,648,5101,16,110,158,5253920,42299580
2026-09-04 09:31:54,2026-09-04,671,5124,16,109,158,5464620,42510280
2026-09-04 10:32:06,2026-09-04,710,5163,18,116,170,5843280,42888940
2026-09-04 11:31:45,2026-09-04,745,5198,17,122,182,6181280,43226940
2026-09-04 12:31:43,2026-09-04,783,5236,18,127,193,6576040,43621700
2026-09-04 13:31:54,2026-09-04,829,5282,16,128,197,7025640,44071300
2026-09-04 14:31:52,2026-09-04,894,5347,19,132,207,7695740,44741400
2026-09-04 15:31:53,2026-09-04,941,5394,19,135,213,8190840,45236500
2026-09-04 16:32:16,2026-09-04,1019,5472,18,137,218,9030340,46076000
2026-09-04 18:31:52,2026-09-04,1094,5547,19,141,231,9834140,46879800
2026-09-04 19:31:53,2026-09-04,1128,5581,20,144,238,10204640,47250300
2026-09-04 20:31:58,2026-09-04,1174,5627,20,147,242,10715740,47761400
2026-09-04 21:31:59,2026-09-04,1215,5668,20,147,246,11158740,48204400
2026-09-04 22:32:03,2026-09-04,1234,5687,20,148,248,11378840,48424500
2026-09-04 23:32:00,2026-09-04,1241,5694,20,148,249,11452840,48498500
2026-09-05 00:31:57,2026-09-05,972,6668,23,122,149,7634060,56162560
2026-09-05 01:31:54,2026-09-05,983,6679,22,122,149,7752860,56281360
2026-09-05 02:31:55,2026-09-05,986,6682,22,122,149,7788160,56316660
2026-09-05 03:31:54,2026-09-05,986,6682,23,123,150,7793160,56321660
2026-09-05 04:31:53,2026-09-05,986,6682,23,124,151,7806660,56335160
2026-09-05 05:31:52,2026-09-05,987,6683,23,124,151,7820160,56348660
2026-09-05 06:31:51,2026-09-05,985,6681,22,124,151,7808660,56337160
2026-09-05 07:31:51,2026-09-05,992,6687,24,125,153,7866160,56386160
2026-09-05 08:31:54,2026-09-05,1015,6710,25,129,155,8099160,56619160
2026-09-05 09:31:53,2026-09-05,1054,6749,28,133,161,8485800,57005800
2026-09-05 10:31:56,2026-09-05,1076,6771,29,136,165,8707600,57227600
2026-09-05 11:31:56,2026-09-05,1119,6814,29,137,166,9150600,57670600
2026-09-05 12:31:54,2026-09-05,1166,6861,31,139,171,9650700,58170700
2026-09-05 13:31:54,2026-09-05,1229,6924,31,141,176,10330400,58850400
2026-09-05 14:31:55,2026-09-05,1267,6962,33,143,180,10766600,59286600
2026-09-05 15:31:55,2026-09-05,1333,7028,32,145,184,11465100,59985100
2026-09-05 16:31:54,2026-09-05,1383,7078,34,147,189,12085100,60605100
2026-09-05 17:32:02,2026-09-05,1428,7123,37,150,193,12589000,61109000
2026-09-05 18:31:52,2026-09-05,1457,7152,37,154,199,12915100,61435100
2026-09-05 19:31:54,2026-09-05,1473,7168,38,154,200,13067800,61587800
2026-09-05 20:31:57,2026-09-05,1505,7200,38,154,203,13406100,61926100
2026-09-05 21:31:56,2026-09-05,1527,7222,37,155,206,13682600,62202600
2026-09-05 22:31:56,2026-09-05,1536,7231,37,155,206,13812600,62332600
2026-09-05 23:32:00,2026-09-05,1543,7238,37,155,206,13908600,62428600
2026-09-06 00:32:05,2026-09-06,583,7819,8,89,116,4437500,66836100
2026-09-06 01:32:05,2026-09-06,590,7827,8,89,115,4528000,66936600
2026-09-06 02:31:58,2026-09-06,597,7834,9,91,119,4609000,67017600
2026-09-06 03:32:02,2026-09-06,596,7833,9,92,120,4609500,67018100
2026-09-06 04:31:57,2026-09-06,597,7834,9,92,122,4615000,67023600
2026-09-06 05:31:57,2026-09-06,596,7833,9,92,120,4617000,67025600
2026-09-06 06:31:54,2026-09-06,596,7833,9,92,120,4617000,67025600
2026-09-06 07:31:58,2026-09-06,599,7836,10,93,122,4677700,67086300
2026-09-06 08:31:57,2026-09-06,610,7848,11,93,122,4772600,67189700
2026-09-06 09:31:57,2026-09-06,666,7904,11,99,127,5362100,67779200
2026-09-06 10:31:56,2026-09-06,692,7930,15,104,133,5589100,68006200
2026-09-06 11:17:02,2026-09-06,727,7965,16,111,140,5911100,68328200
2026-09-06 12:17:02,2026-09-06,761,7999,16,114,146,6312600,68729700
2026-09-06 13:17:02,2026-09-06,823,8061,16,116,151,7013000,69430100
2026-09-06 14:17:02,2026-09-06,871,8109,18,118,154,7530500,69947600
2026-09-06 15:17:02,2026-09-06,915,8153,19,119,159,8006700,70423800
2026-09-06 16:17:02,2026-09-06,953,8191,21,120,162,8471100,70888200
2026-09-06 17:17:02,2026-09-06,1003,8241,21,122,166,8973800,71390900
2026-09-06 18:17:02,2026-09-06,1036,8274,23,126,174,9316600,71733700
2026-09-06 19:29:11,2026-09-06,1079,8317,24,128,179,9748600,72165700
2026-09-06 20:31:40,2026-09-06,1107,8345,24,128,179,10081600,72498700
2026-09-06 21:31:39,2026-09-06,1117,8355,25,130,184,10185600,72602700
2026-09-07 09:17:04,2026-09-07,352,8732,7,77,103,2684400,75562900
2026-09-07 10:31:48,2026-09-07,385,8765,8,85,114,2990900,75869400
2026-09-07 11:31:42,2026-09-07,412,8792,9,96,127,3249400,76127900
2026-09-07 12:17:02,2026-09-07,432,8812,10,99,130,3462700,76341200
2026-09-07 13:31:50,2026-09-07,475,8855,10,103,138,3856800,76735300
2026-09-07 14:31:43,2026-09-07,516,8896,10,107,146,4232800,77111300
2026-09-07 15:31:43,2026-09-07,558,8938,11,112,158,4654300,77532800
2026-09-07 16:31:42,2026-09-07,577,8957,12,113,164,4769300,77647800
2026-09-07 17:31:42,2026-09-07,741,9121,8,126,189,5733300,78611800
2026-09-07 18:46:11,2026-09-07,768,9148,8,128,193,6001000,78879500
2026-09-07 19:31:44,2026-09-07,789,9169,9,128,195,6235000,79113500
2026-09-07 20:47:52,2026-09-07,796,9176,9,129,199,6324700,79203200
2026-09-07 21:31:44,2026-09-07,817,9197,9,129,200,6571200,79449700
2026-09-07 22:31:43,2026-09-07,822,9202,9,129,202,6618200,79496700
2026-09-07 23:31:44,2026-09-07,822,9202,9,129,202,6616200,79494700
2026-09-08 00:31:45,2026-09-08,718,9919,5,107,160,4508900,83991600
2026-09-08 01:31:43,2026-09-08,720,9921,4,107,158,4531400,84014100
2026-09-08 02:31:42,2026-09-08,722,9923,4,107,158,4556400,84039100
2026-09-08 03:31:46,2026-09-08,725,9926,4,107,158,4582400,84065100
2026-09-08 04:31:43,2026-09-08,727,9928,4,107,158,4604400,84087100
2026-09-08 05:31:40,2026-09-08,727,9928,4,107,158,4610400,84093100
2026-09-08 06:31:40,2026-09-08,727,9928,4,107,158,4616400,84099100
2026-09-08 07:31:45,2026-09-08,725,9926,3,107,158,4590400,84073100
2026-09-08 08:31:40,2026-09-08,734,9934,4,110,161,4685900,84163600
2026-09-08 09:31:45,2026-09-08,748,9948,5,111,165,4808900,84286600
2026-09-08 10:31:45,2026-09-08,765,9965,4,114,168,4966700,84444400
2026-09-08 11:31:45,2026-09-08,787,9987,4,117,174,5163200,84640900
2026-09-08 12:31:40,2026-09-08,815,10015,4,119,177,5410200,84887900
2026-09-08 13:31:44,2026-09-08,833,10033,4,120,179,5594700,85072400
2026-09-08 14:31:46,2026-09-08,866,10066,4,123,186,5914900,85392600
2026-09-08 15:31:45,2026-09-08,895,10095,4,125,190,6197500,85675200
2026-09-08 16:31:46,2026-09-08,919,10119,5,127,196,6422000,85899700
2026-09-09 23:56:05,2026-09-09,416,10627,14,75,90,3296500,90144500
2026-09-10 00:01:26,2026-09-10,157,10784,1,48,56,1163860,91308360
2026-09-10 01:24:48,2026-09-10,159,10786,2,48,56,1185360,91329860
2026-09-10 02:17:02,2026-09-10,160,10787,2,48,56,1195360,91339860
2026-09-10 03:17:04,2026-09-10,164,10791,2,48,56,1227660,91372160
2026-09-10 05:17:02,2026-09-10,169,10796,2,48,56,1255660,91400160
2026-09-10 06:17:02,2026-09-10,171,10798,2,48,56,1267660,91412160
2026-09-10 08:17:23,2026-09-10,166,10793,4,47,55,1206160,91350660
2026-09-10 09:17:02,2026-09-10,172,10799,4,50,58,1254160,91398660
2026-09-10 10:17:02,2026-09-10,177,10804,7,53,61,1307160,91451660
2026-09-10 11:17:02,2026-09-10,182,10809,8,54,62,1355160,91499660
2026-09-10 12:17:02,2026-09-10,199,10826,8,59,69,1516560,91661060
2026-09-10 13:17:02,2026-09-10,214,10841,5,60,71,1685560,91830060
2026-09-10 14:17:02,2026-09-10,226,10853,5,61,72,1824560,91969060
2026-09-10 15:17:02,2026-09-10,240,10867,5,62,73,1967360,92111860
2026-09-10 16:17:02,2026-09-10,251,10878,5,63,76,2070360,92214860
2026-09-10 17:17:02,2026-09-10,256,10883,5,66,78,2129360,92273860
2026-09-10 18:17:02,2026-09-10,262,10889,5,66,79,2178360,92322860
2026-09-10 19:17:02,2026-09-10,266,10893,5,67,80,2222860,92367360
2026-09-10 20:17:02,2026-09-10,269,10896,5,67,80,2252860,92397360
2026-09-10 21:17:02,2026-09-10,276,10903,5,67,80,2345060,92489560
2026-09-10 22:17:02,2026-09-10,281,10908,5,67,81,2390560,92535060
2026-09-10 23:17:02,2026-09-10,282,10909,5,67,81,2403560,92548060
2026-09-11 00:17:02,2026-09-11,185,11094,5,52,61,1387600,93935660
2026-09-11 01:17:02,2026-09-11,183,11092,5,52,61,1377600,93925660
2026-09-11 02:17:02,2026-09-11,184,11093,6,52,61,1382600,93930660
2026-09-11 03:17:02,2026-09-11,184,11093,6,52,61,1388600,93936660
2026-09-11 04:17:02,2026-09-11,183,11092,6,52,61,1380100,93928160
2026-09-11 06:17:02,2026-09-11,181,11090,6,52,62,1368600,93916660
2026-09-11 07:17:01,2026-09-11,179,11088,5,52,60,1351100,93899160
2026-09-11 08:17:01,2026-09-11,185,11094,5,53,60,1402100,93950160
2026-09-11 09:17:01,2026-09-11,192,11101,5,53,60,1480600,94028660
2026-09-11 10:17:01,2026-09-11,205,11114,4,58,67,1608100,94156160
2026-09-11 11:17:01,2026-09-11,214,11123,4,60,70,1696400,94244460
2026-09-11 12:17:02,2026-09-11,220,11129,4,62,72,1786900,94334960
2026-09-11 13:27:16,2026-09-11,233,11142,4,62,73,1918800,94466860
2026-09-11 14:27:18,2026-09-11,247,11156,5,62,74,2060400,94608460
2026-09-11 15:27:15,2026-09-11,256,11165,5,64,76,2165400,94713460
2026-09-11 16:27:18,2026-09-11,267,11176,6,65,78,2276700,94824760
2026-09-11 17:17:01,2026-09-11,278,11187,6,65,78,2381500,94929560
2026-09-11 18:17:01,2026-09-11,288,11197,5,66,79,2484500,95032560
